areaCode,areaName,areaType,date,newCasesBySpecimenDate
K02000001,United Kingdom,overview,30/01/2020,1
K02000001,United Kingdom,overview,31/01/2020,0
K02000001,United Kingdom,overview,01/02/2020,0
K02000001,United Kingdom,overview,02/02/2020,1
K02000001,United Kingdom,overview,03/02/2020,18
K02000001,United Kingdom,overview,04/02/2020,0
K02000001,United Kingdom,overview,05/02/2020,1
K02000001,United Kingdom,overview,06/02/2020,0
K02000001,United Kingdom,overview,07/02/2020,0
K02000001,United Kingdom,overview,08/02/2020,3
K02000001,United Kingdom,overview,09/02/2020,1
K02000001,United Kingdom,overview,10/02/2020,1
K02000001,United Kingdom,overview,11/02/2020,4
K02000001,United Kingdom,overview,12/02/2020,1
K02000001,United Kingdom,overview,13/02/2020,1
K02000001,United Kingdom,overview,14/02/2020,0
K02000001,United Kingdom,overview,15/02/2020,0
K02000001,United Kingdom,overview,16/02/2020,0
K02000001,United Kingdom,overview,17/02/2020,1
K02000001,United Kingdom,overview,18/02/2020,0
K02000001,United Kingdom,overview,19/02/2020,0
K02000001,United Kingdom,overview,20/02/2020,0
K02000001,United Kingdom,overview,21/02/2020,2
K02000001,United Kingdom,overview,22/02/2020,0
K02000001,United Kingdom,overview,23/02/2020,6
K02000001,United Kingdom,overview,24/02/2020,2
K02000001,United Kingdom,overview,25/02/2020,3
K02000001,United Kingdom,overview,26/02/2020,2
K02000001,United Kingdom,overview,27/02/2020,8
K02000001,United Kingdom,overview,28/02/2020,12
K02000001,United Kingdom,overview,29/02/2020,4
K02000001,United Kingdom,overview,01/03/2020,20
K02000001,United Kingdom,overview,02/03/2020,41
K02000001,United Kingdom,overview,03/03/2020,57
K02000001,United Kingdom,overview,04/03/2020,56
K02000001,United Kingdom,overview,05/03/2020,49
K02000001,United Kingdom,overview,06/03/2020,83
K02000001,United Kingdom,overview,07/03/2020,68
K02000001,United Kingdom,overview,08/03/2020,55
K02000001,United Kingdom,overview,09/03/2020,148
K02000001,United Kingdom,overview,10/03/2020,265
K02000001,United Kingdom,overview,11/03/2020,402
K02000001,United Kingdom,overview,12/03/2020,483
K02000001,United Kingdom,overview,13/03/2020,478
K02000001,United Kingdom,overview,14/03/2020,352
K02000001,United Kingdom,overview,15/03/2020,441
K02000001,United Kingdom,overview,16/03/2020,602
K02000001,United Kingdom,overview,17/03/2020,783
K02000001,United Kingdom,overview,18/03/2020,981
K02000001,United Kingdom,overview,19/03/2020,0
K02000001,United Kingdom,overview,20/03/2020,0
K02000001,United Kingdom,overview,21/03/2020,0
K02000001,United Kingdom,overview,22/03/2020,0
K02000001,United Kingdom,overview,23/03/2020,2290
K02000001,United Kingdom,overview,24/03/2020,2354
K02000001,United Kingdom,overview,25/03/2020,2666
K02000001,United Kingdom,overview,26/03/2020,3039
K02000001,United Kingdom,overview,27/03/2020,3154
K02000001,United Kingdom,overview,28/03/2020,2774
K02000001,United Kingdom,overview,29/03/2020,2818
K02000001,United Kingdom,overview,30/03/2020,4195
K02000001,United Kingdom,overview,31/03/2020,4463
K02000001,United Kingdom,overview,01/04/2020,4891
K02000001,United Kingdom,overview,02/04/2020,4824
K02000001,United Kingdom,overview,03/04/2020,4852
K02000001,United Kingdom,overview,04/04/2020,3976
K02000001,United Kingdom,overview,05/04/2020,3556
K02000001,United Kingdom,overview,06/04/2020,5273
K02000001,United Kingdom,overview,07/04/2020,5477
K02000001,United Kingdom,overview,08/04/2020,5146
K02000001,United Kingdom,overview,09/04/2020,4875
K02000001,United Kingdom,overview,10/04/2020,4327
K02000001,United Kingdom,overview,11/04/2020,3585
K02000001,United Kingdom,overview,12/04/2020,3507
K02000001,United Kingdom,overview,13/04/2020,4203
K02000001,United Kingdom,overview,14/04/2020,4335
K02000001,United Kingdom,overview,15/04/2020,5070
K02000001,United Kingdom,overview,16/04/2020,5292
K02000001,United Kingdom,overview,17/04/2020,4977
K02000001,United Kingdom,overview,18/04/2020,4743
K02000001,United Kingdom,overview,19/04/2020,3881
K02000001,United Kingdom,overview,20/04/2020,4441
K02000001,United Kingdom,overview,21/04/2020,4795
K02000001,United Kingdom,overview,22/04/2020,5517
K02000001,United Kingdom,overview,23/04/2020,5167
K02000001,United Kingdom,overview,24/04/2020,4961
K02000001,United Kingdom,overview,25/04/2020,3757
K02000001,United Kingdom,overview,26/04/2020,3476
K02000001,United Kingdom,overview,27/04/2020,4739
K02000001,United Kingdom,overview,28/04/2020,4720
K02000001,United Kingdom,overview,29/04/2020,5433
K02000001,United Kingdom,overview,30/04/2020,4961
K02000001,United Kingdom,overview,01/05/2020,4766
K02000001,United Kingdom,overview,02/05/2020,3258
K02000001,United Kingdom,overview,03/05/2020,3003
K02000001,United Kingdom,overview,04/05/2020,3398
K02000001,United Kingdom,overview,05/05/2020,3686
K02000001,United Kingdom,overview,06/05/2020,3832
K02000001,United Kingdom,overview,07/05/2020,3787
K02000001,United Kingdom,overview,08/05/2020,3064
K02000001,United Kingdom,overview,09/05/2020,2170
K02000001,United Kingdom,overview,10/05/2020,2337
K02000001,United Kingdom,overview,11/05/2020,3612
K02000001,United Kingdom,overview,12/05/2020,3410
K02000001,United Kingdom,overview,13/05/2020,3330
K02000001,United Kingdom,overview,14/05/2020,2630
K02000001,United Kingdom,overview,15/05/2020,2530
K02000001,United Kingdom,overview,16/05/2020,2082
K02000001,United Kingdom,overview,17/05/2020,1837
K02000001,United Kingdom,overview,18/05/2020,2581
K02000001,United Kingdom,overview,19/05/2020,3063
K02000001,United Kingdom,overview,20/05/2020,2719
K02000001,United Kingdom,overview,21/05/2020,2567
K02000001,United Kingdom,overview,22/05/2020,2057
K02000001,United Kingdom,overview,23/05/2020,1531
K02000001,United Kingdom,overview,24/05/2020,1373
K02000001,United Kingdom,overview,25/05/2020,1625
K02000001,United Kingdom,overview,26/05/2020,2070
K02000001,United Kingdom,overview,27/05/2020,1825
K02000001,United Kingdom,overview,28/05/2020,1757
K02000001,United Kingdom,overview,29/05/2020,1531
K02000001,United Kingdom,overview,30/05/2020,1132
K02000001,United Kingdom,overview,31/05/2020,1080
K02000001,United Kingdom,overview,01/06/2020,1438
K02000001,United Kingdom,overview,02/06/2020,1492
K02000001,United Kingdom,overview,03/06/2020,1369
K02000001,United Kingdom,overview,04/06/2020,1249
K02000001,United Kingdom,overview,05/06/2020,1123
K02000001,United Kingdom,overview,06/06/2020,804
K02000001,United Kingdom,overview,07/06/2020,722
K02000001,United Kingdom,overview,08/06/2020,1099
K02000001,United Kingdom,overview,09/06/2020,1165
K02000001,United Kingdom,overview,10/06/2020,1196
K02000001,United Kingdom,overview,11/06/2020,1013
K02000001,United Kingdom,overview,12/06/2020,1053
K02000001,United Kingdom,overview,13/06/2020,886
K02000001,United Kingdom,overview,14/06/2020,826
K02000001,United Kingdom,overview,15/06/2020,1045
K02000001,United Kingdom,overview,16/06/2020,1103
K02000001,United Kingdom,overview,17/06/2020,1017
K02000001,United Kingdom,overview,18/06/2020,1022
K02000001,United Kingdom,overview,19/06/2020,993
K02000001,United Kingdom,overview,20/06/2020,683
K02000001,United Kingdom,overview,21/06/2020,636
K02000001,United Kingdom,overview,22/06/2020,899
K02000001,United Kingdom,overview,23/06/2020,883
K02000001,United Kingdom,overview,24/06/2020,0
K02000001,United Kingdom,overview,25/06/2020,726
K02000001,United Kingdom,overview,26/06/2020,666
K02000001,United Kingdom,overview,27/06/2020,653
K02000001,United Kingdom,overview,28/06/2020,449
K02000001,United Kingdom,overview,29/06/2020,724
K02000001,United Kingdom,overview,30/06/2020,623
K02000001,United Kingdom,overview,01/07/2020,652
K02000001,United Kingdom,overview,02/07/2020,606
K02000001,United Kingdom,overview,03/07/2020,568
K02000001,United Kingdom,overview,04/07/2020,399
K02000001,United Kingdom,overview,05/07/2020,0
K02000001,United Kingdom,overview,06/07/2020,714
K02000001,United Kingdom,overview,07/07/2020,608
K02000001,United Kingdom,overview,08/07/2020,713
K02000001,United Kingdom,overview,09/07/2020,722
K02000001,United Kingdom,overview,10/07/2020,568
K02000001,United Kingdom,overview,11/07/2020,459
K02000001,United Kingdom,overview,12/07/2020,366
K02000001,United Kingdom,overview,13/07/2020,740
K02000001,United Kingdom,overview,14/07/2020,705
K02000001,United Kingdom,overview,15/07/2020,777
K02000001,United Kingdom,overview,16/07/2020,712
K02000001,United Kingdom,overview,17/07/2020,582
K02000001,United Kingdom,overview,18/07/2020,505
K02000001,United Kingdom,overview,19/07/2020,448
K02000001,United Kingdom,overview,20/07/2020,830
K02000001,United Kingdom,overview,21/07/2020,788
K02000001,United Kingdom,overview,22/07/2020,816
K02000001,United Kingdom,overview,23/07/2020,808
K02000001,United Kingdom,overview,24/07/2020,774
K02000001,United Kingdom,overview,25/07/2020,530
K02000001,United Kingdom,overview,26/07/2020,563
K02000001,United Kingdom,overview,27/07/2020,869
K02000001,United Kingdom,overview,28/07/2020,856
K02000001,United Kingdom,overview,29/07/2020,1062
K02000001,United Kingdom,overview,30/07/2020,946
K02000001,United Kingdom,overview,31/07/2020,697
K02000001,United Kingdom,overview,01/08/2020,559
K02000001,United Kingdom,overview,02/08/2020,564
K02000001,United Kingdom,overview,03/08/2020,1060
K02000001,United Kingdom,overview,04/08/2020,1065
K02000001,United Kingdom,overview,05/08/2020,1092
K02000001,United Kingdom,overview,06/08/2020,1105
K02000001,United Kingdom,overview,07/08/2020,973
K02000001,United Kingdom,overview,08/08/2020,710
K02000001,United Kingdom,overview,09/08/2020,627
K02000001,United Kingdom,overview,10/08/2020,1499
K02000001,United Kingdom,overview,11/08/2020,1378
K02000001,United Kingdom,overview,12/08/2020,1242
K02000001,United Kingdom,overview,13/08/2020,1156
K02000001,United Kingdom,overview,14/08/2020,1185
K02000001,United Kingdom,overview,15/08/2020,714
K02000001,United Kingdom,overview,16/08/2020,602
K02000001,United Kingdom,overview,17/08/2020,1298
K02000001,United Kingdom,overview,18/08/2020,1116
K02000001,United Kingdom,overview,19/08/2020,1282
K02000001,United Kingdom,overview,20/08/2020,1498
K02000001,United Kingdom,overview,21/08/2020,1218
K02000001,United Kingdom,overview,22/08/2020,842
K02000001,United Kingdom,overview,23/08/2020,831
K02000001,United Kingdom,overview,24/08/2020,1301
K02000001,United Kingdom,overview,25/08/2020,1270
K02000001,United Kingdom,overview,26/08/2020,1388
K02000001,United Kingdom,overview,27/08/2020,1591
K02000001,United Kingdom,overview,28/08/2020,1632
K02000001,United Kingdom,overview,29/08/2020,1230
K02000001,United Kingdom,overview,30/08/2020,1171
K02000001,United Kingdom,overview,31/08/2020,1513
K02000001,United Kingdom,overview,01/09/2020,2288
K02000001,United Kingdom,overview,02/09/2020,3077
K02000001,United Kingdom,overview,03/09/2020,3152
K02000001,United Kingdom,overview,04/09/2020,3092
K02000001,United Kingdom,overview,05/09/2020,2551
K02000001,United Kingdom,overview,06/09/2020,2465
K02000001,United Kingdom,overview,07/09/2020,3931
K02000001,United Kingdom,overview,08/09/2020,3370
K02000001,United Kingdom,overview,09/09/2020,3366
K02000001,United Kingdom,overview,10/09/2020,3628
K02000001,United Kingdom,overview,11/09/2020,3324
K02000001,United Kingdom,overview,12/09/2020,2670
K02000001,United Kingdom,overview,13/09/2020,2154
K02000001,United Kingdom,overview,14/09/2020,3428
K02000001,United Kingdom,overview,15/09/2020,3552
K02000001,United Kingdom,overview,16/09/2020,4399
K02000001,United Kingdom,overview,17/09/2020,4676
K02000001,United Kingdom,overview,18/09/2020,4973
K02000001,United Kingdom,overview,19/09/2020,4889
K02000001,United Kingdom,overview,20/09/2020,5340
K02000001,United Kingdom,overview,21/09/2020,5627
K02000001,United Kingdom,overview,22/09/2020,6441
K02000001,United Kingdom,overview,23/09/2020,7096
K02000001,United Kingdom,overview,24/09/2020,7682
K02000001,United Kingdom,overview,25/09/2020,7318
K02000001,United Kingdom,overview,26/09/2020,6809
K02000001,United Kingdom,overview,27/09/2020,7023
K02000001,United Kingdom,overview,28/09/2020,9983
K02000001,United Kingdom,overview,29/09/2020,10368
K02000001,United Kingdom,overview,30/09/2020,12717
K02000001,United Kingdom,overview,01/10/2020,13358
K02000001,United Kingdom,overview,02/10/2020,13855
K02000001,United Kingdom,overview,03/10/2020,11667
K02000001,United Kingdom,overview,04/10/2020,11954
K02000001,United Kingdom,overview,05/10/2020,16754
K02000001,United Kingdom,overview,06/10/2020,17251
K02000001,United Kingdom,overview,07/10/2020,18576
K02000001,United Kingdom,overview,08/10/2020,18427
K02000001,United Kingdom,overview,09/10/2020,15903
K02000001,United Kingdom,overview,10/10/2020,12652
K02000001,United Kingdom,overview,11/10/2020,12213
K02000001,United Kingdom,overview,12/10/2020,19711
K02000001,United Kingdom,overview,13/10/2020,19137
K02000001,United Kingdom,overview,14/10/2020,19934
K02000001,United Kingdom,overview,15/10/2020,18640
K02000001,United Kingdom,overview,16/10/2020,17938
K02000001,United Kingdom,overview,17/10/2020,14888
K02000001,United Kingdom,overview,18/10/2020,14331
K02000001,United Kingdom,overview,19/10/2020,25926
K02000001,United Kingdom,overview,20/10/2020,25680
K02000001,United Kingdom,overview,21/10/2020,25784
K02000001,United Kingdom,overview,22/10/2020,23496
K02000001,United Kingdom,overview,23/10/2020,21710
K02000001,United Kingdom,overview,24/10/2020,16429
K02000001,United Kingdom,overview,25/10/2020,15897
K02000001,United Kingdom,overview,26/10/2020,26805
K02000001,United Kingdom,overview,27/10/2020,24353
K02000001,United Kingdom,overview,28/10/2020,23900
K02000001,United Kingdom,overview,29/10/2020,23615
K02000001,United Kingdom,overview,30/10/2020,22890
K02000001,United Kingdom,overview,31/10/2020,16681
K02000001,United Kingdom,overview,01/11/2020,15972
K02000001,United Kingdom,overview,02/11/2020,31917
K02000001,United Kingdom,overview,03/11/2020,25938
K02000001,United Kingdom,overview,04/11/2020,24022
K02000001,United Kingdom,overview,05/11/2020,24055
K02000001,United Kingdom,overview,06/11/2020,23652
K02000001,United Kingdom,overview,07/11/2020,18771
K02000001,United Kingdom,overview,08/11/2020,20255
K02000001,United Kingdom,overview,09/11/2020,31518
K02000001,United Kingdom,overview,10/11/2020,27788
K02000001,United Kingdom,overview,11/11/2020,27755
K02000001,United Kingdom,overview,12/11/2020,24818
K02000001,United Kingdom,overview,13/11/2020,24389
K02000001,United Kingdom,overview,14/11/2020,18223
K02000001,United Kingdom,overview,15/11/2020,16233
K02000001,United Kingdom,overview,16/11/2020,26950
K02000001,United Kingdom,overview,17/11/2020,23487
K02000001,United Kingdom,overview,18/11/2020,21081
K02000001,United Kingdom,overview,19/11/2020,18037
K02000001,United Kingdom,overview,20/11/2020,17108
K02000001,United Kingdom,overview,21/11/2020,12539
K02000001,United Kingdom,overview,22/11/2020,11900
K02000001,United Kingdom,overview,23/11/2020,19020
K02000001,United Kingdom,overview,24/11/2020,16675
K02000001,United Kingdom,overview,25/11/2020,16813
K02000001,United Kingdom,overview,26/11/2020,14755
K02000001,United Kingdom,overview,27/11/2020,14555
K02000001,United Kingdom,overview,28/11/2020,11096
K02000001,United Kingdom,overview,29/11/2020,10852
K02000001,United Kingdom,overview,30/11/2020,18203
K02000001,United Kingdom,overview,01/12/2020,16688
K02000001,United Kingdom,overview,02/12/2020,16676
K02000001,United Kingdom,overview,03/12/2020,15857
K02000001,United Kingdom,overview,04/12/2020,15833
K02000001,United Kingdom,overview,05/12/2020,12905
K02000001,United Kingdom,overview,06/12/2020,13740
K02000001,United Kingdom,overview,07/12/2020,21587
K02000001,United Kingdom,overview,08/12/2020,21069
K02000001,United Kingdom,overview,09/12/2020,21910
K02000001,United Kingdom,overview,10/12/2020,22919
K02000001,United Kingdom,overview,11/12/2020,24397
K02000001,United Kingdom,overview,12/12/2020,19597
K02000001,United Kingdom,overview,13/12/2020,22269
K02000001,United Kingdom,overview,14/12/2020,35201
K02000001,United Kingdom,overview,15/12/2020,34386
K02000001,United Kingdom,overview,16/12/2020,35432
K02000001,United Kingdom,overview,17/12/2020,34436
K02000001,United Kingdom,overview,18/12/2020,36422
K02000001,United Kingdom,overview,19/12/2020,25590
K02000001,United Kingdom,overview,20/12/2020,33067
K02000001,United Kingdom,overview,21/12/2020,48193
K02000001,United Kingdom,overview,22/12/2020,46477
K02000001,United Kingdom,overview,23/12/2020,42938
K02000001,United Kingdom,overview,24/12/2020,32393
K02000001,United Kingdom,overview,25/12/2020,14420
K02000001,United Kingdom,overview,26/12/2020,41110
K02000001,United Kingdom,overview,27/12/2020,48520
K02000001,United Kingdom,overview,28/12/2020,46410
K02000001,United Kingdom,overview,29/12/2020,83091
K02000001,United Kingdom,overview,30/12/2020,72161
K02000001,United Kingdom,overview,31/12/2020,53948
K02000001,United Kingdom,overview,01/01/2021,32485
K02000001,United Kingdom,overview,02/01/2021,61655
K02000001,United Kingdom,overview,03/01/2021,56338
K02000001,United Kingdom,overview,04/01/2021,77974
K02000001,United Kingdom,overview,05/01/2021,66638
K02000001,United Kingdom,overview,06/01/2021,58787
K02000001,United Kingdom,overview,07/01/2021,53190
K02000001,United Kingdom,overview,08/01/2021,48105
K02000001,United Kingdom,overview,09/01/2021,40036
K02000001,United Kingdom,overview,10/01/2021,37175
K02000001,United Kingdom,overview,11/01/2021,58593
K02000001,United Kingdom,overview,12/01/2021,50649
K02000001,United Kingdom,overview,13/01/2021,46511
K02000001,United Kingdom,overview,14/01/2021,43474
K02000001,United Kingdom,overview,15/01/2021,41451
K02000001,United Kingdom,overview,16/01/2021,31250
K02000001,United Kingdom,overview,17/01/2021,29593
K02000001,United Kingdom,overview,18/01/2021,45960
K02000001,United Kingdom,overview,19/01/2021,40528
K02000001,United Kingdom,overview,20/01/2021,35987
K02000001,United Kingdom,overview,21/01/2021,32503
K02000001,United Kingdom,overview,22/01/2021,30330
K02000001,United Kingdom,overview,23/01/2021,22347
K02000001,United Kingdom,overview,24/01/2021,17554
K02000001,United Kingdom,overview,25/01/2021,30739
K02000001,United Kingdom,overview,26/01/2021,27731
K02000001,United Kingdom,overview,27/01/2021,26303
K02000001,United Kingdom,overview,28/01/2021,24776
K02000001,United Kingdom,overview,29/01/2021,22434
K02000001,United Kingdom,overview,30/01/2021,17167
K02000001,United Kingdom,overview,31/01/2021,15784
K02000001,United Kingdom,overview,01/02/2021,22972
K02000001,United Kingdom,overview,02/02/2021,20270
K02000001,United Kingdom,overview,03/02/2021,19915
K02000001,United Kingdom,overview,04/02/2021,18493
K02000001,United Kingdom,overview,05/02/2021,16308
K02000001,United Kingdom,overview,06/02/2021,12321
K02000001,United Kingdom,overview,07/02/2021,11664
K02000001,United Kingdom,overview,08/02/2021,16193
K02000001,United Kingdom,overview,09/02/2021,14225
K02000001,United Kingdom,overview,10/02/2021,13899
K02000001,United Kingdom,overview,11/02/2021,13139
K02000001,United Kingdom,overview,12/02/2021,12573
K02000001,United Kingdom,overview,13/02/2021,9033
K02000001,United Kingdom,overview,14/02/2021,8994
K02000001,United Kingdom,overview,15/02/2021,14736
K02000001,United Kingdom,overview,16/02/2021,12942
K02000001,United Kingdom,overview,17/02/2021,11942
K02000001,United Kingdom,overview,18/02/2021,11794
K02000001,United Kingdom,overview,19/02/2021,10728
K02000001,United Kingdom,overview,20/02/2021,8313
K02000001,United Kingdom,overview,21/02/2021,8098
K02000001,United Kingdom,overview,22/02/2021,11656
K02000001,United Kingdom,overview,23/02/2021,9763
K02000001,United Kingdom,overview,24/02/2021,8846
K02000001,United Kingdom,overview,25/02/2021,8025
K02000001,United Kingdom,overview,26/02/2021,6783
K02000001,United Kingdom,overview,27/02/2021,4949
K02000001,United Kingdom,overview,28/02/2021,4873
K02000001,United Kingdom,overview,01/03/2021,7193
K02000001,United Kingdom,overview,02/03/2021,6919
K02000001,United Kingdom,overview,03/03/2021,6172
K02000001,United Kingdom,overview,04/03/2021,5937
K02000001,United Kingdom,overview,05/03/2021,5467
K02000001,United Kingdom,overview,06/03/2021,4629
K02000001,United Kingdom,overview,07/03/2021,4410
K02000001,United Kingdom,overview,08/03/2021,6890
K02000001,United Kingdom,overview,09/03/2021,6488
K02000001,United Kingdom,overview,10/03/2021,6251
K02000001,United Kingdom,overview,11/03/2021,5934
K02000001,United Kingdom,overview,12/03/2021,5716
K02000001,United Kingdom,overview,13/03/2021,4379
K02000001,United Kingdom,overview,14/03/2021,4424
K02000001,United Kingdom,overview,15/03/2021,6697
K02000001,United Kingdom,overview,16/03/2021,5849
K02000001,United Kingdom,overview,17/03/2021,5976
K02000001,United Kingdom,overview,18/03/2021,5623
K02000001,United Kingdom,overview,19/03/2021,5176
K02000001,United Kingdom,overview,20/03/2021,4246
K02000001,United Kingdom,overview,21/03/2021,5388
K02000001,United Kingdom,overview,22/03/2021,6458
K02000001,United Kingdom,overview,23/03/2021,5481
K02000001,United Kingdom,overview,24/03/2021,6222
K02000001,United Kingdom,overview,25/03/2021,5616
K02000001,United Kingdom,overview,26/03/2021,4567
K02000001,United Kingdom,overview,27/03/2021,3731
K02000001,United Kingdom,overview,28/03/2021,5028
K02000001,United Kingdom,overview,29/03/2021,4195
K02000001,United Kingdom,overview,30/03/2021,3776
K02000001,United Kingdom,overview,31/03/2021,3967
K02000001,United Kingdom,overview,01/04/2021,3674
K02000001,United Kingdom,overview,02/04/2021,2747
K02000001,United Kingdom,overview,03/04/2021,2505
K02000001,United Kingdom,overview,04/04/2021,2411
K02000001,United Kingdom,overview,05/04/2021,2744
K02000001,United Kingdom,overview,06/04/2021,3311
K02000001,United Kingdom,overview,07/04/2021,3253
K02000001,United Kingdom,overview,08/04/2021,3148
K02000001,United Kingdom,overview,09/04/2021,2952
K02000001,United Kingdom,overview,10/04/2021,2380
K02000001,United Kingdom,overview,11/04/2021,2376
K02000001,United Kingdom,overview,12/04/2021,2878
K02000001,United Kingdom,overview,13/04/2021,2495
K02000001,United Kingdom,overview,14/04/2021,2512
K02000001,United Kingdom,overview,15/04/2021,2342
K02000001,United Kingdom,overview,16/04/2021,2347
K02000001,United Kingdom,overview,17/04/2021,1721
K02000001,United Kingdom,overview,18/04/2021,2584
K02000001,United Kingdom,overview,19/04/2021,2738
K02000001,United Kingdom,overview,20/04/2021,2541
K02000001,United Kingdom,overview,21/04/2021,2709
K02000001,United Kingdom,overview,22/04/2021,2409
K02000001,United Kingdom,overview,23/04/2021,2020
K02000001,United Kingdom,overview,24/04/2021,1564
K02000001,United Kingdom,overview,25/04/2021,2119
K02000001,United Kingdom,overview,26/04/2021,2625
K02000001,United Kingdom,overview,27/04/2021,2178
K02000001,United Kingdom,overview,28/04/2021,2498
K02000001,United Kingdom,overview,29/04/2021,2230
K02000001,United Kingdom,overview,30/04/2021,1825
K02000001,United Kingdom,overview,01/05/2021,1431
K02000001,United Kingdom,overview,02/05/2021,1521
K02000001,United Kingdom,overview,03/05/2021,2084
K02000001,United Kingdom,overview,04/05/2021,2550
K02000001,United Kingdom,overview,05/05/2021,2568
K02000001,United Kingdom,overview,06/05/2021,2325
K02000001,United Kingdom,overview,07/05/2021,1981
K02000001,United Kingdom,overview,08/05/2021,1606
K02000001,United Kingdom,overview,09/05/2021,2306
K02000001,United Kingdom,overview,10/05/2021,2808
K02000001,United Kingdom,overview,11/05/2021,2328
K02000001,United Kingdom,overview,12/05/2021,2335
K02000001,United Kingdom,overview,13/05/2021,2182
K02000001,United Kingdom,overview,14/05/2021,1936
K02000001,United Kingdom,overview,15/05/2021,1626
K02000001,United Kingdom,overview,16/05/2021,1922
K02000001,United Kingdom,overview,17/05/2021,2858
K02000001,United Kingdom,overview,18/05/2021,2812
K02000001,United Kingdom,overview,19/05/2021,2812
K02000001,United Kingdom,overview,20/05/2021,2517
K02000001,United Kingdom,overview,21/05/2021,2366
K02000001,United Kingdom,overview,22/05/2021,2000
K02000001,United Kingdom,overview,23/05/2021,2326
K02000001,United Kingdom,overview,24/05/2021,3368
K02000001,United Kingdom,overview,25/05/2021,3427
K02000001,United Kingdom,overview,26/05/2021,3921
K02000001,United Kingdom,overview,27/05/2021,3747
K02000001,United Kingdom,overview,28/05/2021,3589
K02000001,United Kingdom,overview,29/05/2021,2999
K02000001,United Kingdom,overview,30/05/2021,3164
K02000001,United Kingdom,overview,31/05/2021,3897
K02000001,United Kingdom,overview,01/06/2021,5431
K02000001,United Kingdom,overview,02/06/2021,6168
K02000001,United Kingdom,overview,03/06/2021,6256
K02000001,United Kingdom,overview,04/06/2021,5858
K02000001,United Kingdom,overview,05/06/2021,4731
K02000001,United Kingdom,overview,06/06/2021,5533
K02000001,United Kingdom,overview,07/06/2021,7945
K02000001,United Kingdom,overview,08/06/2021,7896
K02000001,United Kingdom,overview,09/06/2021,8209
K02000001,United Kingdom,overview,10/06/2021,8042
K02000001,United Kingdom,overview,11/06/2021,7619
K02000001,United Kingdom,overview,12/06/2021,6284
K02000001,United Kingdom,overview,13/06/2021,7134
K02000001,United Kingdom,overview,14/06/2021,10362
K02000001,United Kingdom,overview,15/06/2021,10795
K02000001,United Kingdom,overview,16/06/2021,11051
K02000001,United Kingdom,overview,17/06/2021,11106
K02000001,United Kingdom,overview,18/06/2021,10320
K02000001,United Kingdom,overview,19/06/2021,8445
K02000001,United Kingdom,overview,20/06/2021,10087
K02000001,United Kingdom,overview,21/06/2021,16307
K02000001,United Kingdom,overview,22/06/2021,17403
K02000001,United Kingdom,overview,23/06/2021,18350
K02000001,United Kingdom,overview,24/06/2021,18711
K02000001,United Kingdom,overview,25/06/2021,18169
K02000001,United Kingdom,overview,26/06/2021,16300
K02000001,United Kingdom,overview,27/06/2021,18502
K02000001,United Kingdom,overview,28/06/2021,28418
K02000001,United Kingdom,overview,29/06/2021,28200
K02000001,United Kingdom,overview,30/06/2021,28922
K02000001,United Kingdom,overview,01/07/2021,28794
K02000001,United Kingdom,overview,02/07/2021,26340
K02000001,United Kingdom,overview,03/07/2021,24006
K02000001,United Kingdom,overview,04/07/2021,25154
K02000001,United Kingdom,overview,05/07/2021,34896
K02000001,United Kingdom,overview,06/07/2021,36041
K02000001,United Kingdom,overview,07/07/2021,38594
K02000001,United Kingdom,overview,08/07/2021,33999
K02000001,United Kingdom,overview,09/07/2021,32799
K02000001,United Kingdom,overview,10/07/2021,28373
K02000001,United Kingdom,overview,11/07/2021,30502
K02000001,United Kingdom,overview,12/07/2021,44505
K02000001,United Kingdom,overview,13/07/2021,47702
K02000001,United Kingdom,overview,14/07/2021,54907
K02000001,United Kingdom,overview,15/07/2021,61996
K02000001,United Kingdom,overview,16/07/2021,55264
K02000001,United Kingdom,overview,17/07/2021,38472
K02000001,United Kingdom,overview,18/07/2021,36180
K02000001,United Kingdom,overview,19/07/2021,47910
K02000001,United Kingdom,overview,20/07/2021,39869
K02000001,United Kingdom,overview,21/07/2021,35535
K02000001,United Kingdom,overview,22/07/2021,31274
K02000001,United Kingdom,overview,23/07/2021,27764
K02000001,United Kingdom,overview,24/07/2021,22848
K02000001,United Kingdom,overview,25/07/2021,22173
K02000001,United Kingdom,overview,26/07/2021,29976
K02000001,United Kingdom,overview,27/07/2021,29574
K02000001,United Kingdom,overview,28/07/2021,30235
K02000001,United Kingdom,overview,29/07/2021,28428
K02000001,United Kingdom,overview,30/07/2021,24745
K02000001,United Kingdom,overview,31/07/2021,20568
K02000001,United Kingdom,overview,01/08/2021,20899
K02000001,United Kingdom,overview,02/08/2021,29834
K02000001,United Kingdom,overview,03/08/2021,30444
K02000001,United Kingdom,overview,04/08/2021,32336
K02000001,United Kingdom,overview,05/08/2021,31662
K02000001,United Kingdom,overview,06/08/2021,28058
K02000001,United Kingdom,overview,07/08/2021,22567
K02000001,United Kingdom,overview,08/08/2021,22879
K02000001,United Kingdom,overview,09/08/2021,32159
K02000001,United Kingdom,overview,10/08/2021,31514
K02000001,United Kingdom,overview,11/08/2021,33346
K02000001,United Kingdom,overview,12/08/2021,31721
K02000001,United Kingdom,overview,13/08/2021,28969
K02000001,United Kingdom,overview,14/08/2021,25056
K02000001,United Kingdom,overview,15/08/2021,25322
K02000001,United Kingdom,overview,16/08/2021,36896
K02000001,United Kingdom,overview,17/08/2021,37908
K02000001,United Kingdom,overview,18/08/2021,38736
K02000001,United Kingdom,overview,19/08/2021,36483
K02000001,United Kingdom,overview,20/08/2021,32223
K02000001,United Kingdom,overview,21/08/2021,28515
K02000001,United Kingdom,overview,22/08/2021,28727
K02000001,United Kingdom,overview,23/08/2021,39708
K02000001,United Kingdom,overview,24/08/2021,37670
K02000001,United Kingdom,overview,25/08/2021,38768
K02000001,United Kingdom,overview,26/08/2021,37606
K02000001,United Kingdom,overview,27/08/2021,33733
K02000001,United Kingdom,overview,28/08/2021,27592
K02000001,United Kingdom,overview,29/08/2021,26131
K02000001,United Kingdom,overview,30/08/2021,34754
K02000001,United Kingdom,overview,31/08/2021,45205
K02000001,United Kingdom,overview,01/09/2021,43516
K02000001,United Kingdom,overview,02/09/2021,42309
K02000001,United Kingdom,overview,03/09/2021,38625
K02000001,United Kingdom,overview,04/09/2021,31804
K02000001,United Kingdom,overview,05/09/2021,31799
K02000001,United Kingdom,overview,06/09/2021,44915
K02000001,United Kingdom,overview,07/09/2021,38610
K02000001,United Kingdom,overview,08/09/2021,35840
K02000001,United Kingdom,overview,09/09/2021,33965
K02000001,United Kingdom,overview,10/09/2021,29173
K02000001,United Kingdom,overview,11/09/2021,23531
K02000001,United Kingdom,overview,12/09/2021,24053
K02000001,United Kingdom,overview,13/09/2021,34650
K02000001,United Kingdom,overview,14/09/2021,31417
K02000001,United Kingdom,overview,15/09/2021,30374
K02000001,United Kingdom,overview,16/09/2021,29548
K02000001,United Kingdom,overview,17/09/2021,29463
K02000001,United Kingdom,overview,18/09/2021,26639
K02000001,United Kingdom,overview,19/09/2021,31082
K02000001,United Kingdom,overview,20/09/2021,40755
K02000001,United Kingdom,overview,21/09/2021,38835
K02000001,United Kingdom,overview,22/09/2021,36749
K02000001,United Kingdom,overview,23/09/2021,35838
K02000001,United Kingdom,overview,24/09/2021,32094
K02000001,United Kingdom,overview,25/09/2021,28562
K02000001,United Kingdom,overview,26/09/2021,32065
K02000001,United Kingdom,overview,27/09/2021,41581
K02000001,United Kingdom,overview,28/09/2021,36540
K02000001,United Kingdom,overview,29/09/2021,34819
K02000001,United Kingdom,overview,30/09/2021,32588
K02000001,United Kingdom,overview,01/10/2021,29051
K02000001,United Kingdom,overview,02/10/2021,26308
K02000001,United Kingdom,overview,03/10/2021,32051
K02000001,United Kingdom,overview,04/10/2021,43728
K02000001,United Kingdom,overview,05/10/2021,39261
K02000001,United Kingdom,overview,06/10/2021,39255
K02000001,United Kingdom,overview,07/10/2021,38461
K02000001,United Kingdom,overview,08/10/2021,35597
K02000001,United Kingdom,overview,09/10/2021,32296
K02000001,United Kingdom,overview,10/10/2021,36407
K02000001,United Kingdom,overview,11/10/2021,50285
K02000001,United Kingdom,overview,12/10/2021,48297
K02000001,United Kingdom,overview,13/10/2021,47766
K02000001,United Kingdom,overview,14/10/2021,46411
K02000001,United Kingdom,overview,15/10/2021,43545
K02000001,United Kingdom,overview,16/10/2021,37870
K02000001,United Kingdom,overview,17/10/2021,43746
K02000001,United Kingdom,overview,18/10/2021,57727
K02000001,United Kingdom,overview,19/10/2021,52511
K02000001,United Kingdom,overview,20/10/2021,51650
K02000001,United Kingdom,overview,21/10/2021,45194
K02000001,United Kingdom,overview,22/10/2021,40657
K02000001,United Kingdom,overview,23/10/2021,35096
K02000001,United Kingdom,overview,24/10/2021,35756
K02000001,United Kingdom,overview,25/10/2021,47447
K02000001,United Kingdom,overview,26/10/2021,42110
K02000001,United Kingdom,overview,27/10/2021,43034
K02000001,United Kingdom,overview,28/10/2021,41374
K02000001,United Kingdom,overview,29/10/2021,40239
K02000001,United Kingdom,overview,30/10/2021,33556
K02000001,United Kingdom,overview,31/10/2021,34794
K02000001,United Kingdom,overview,01/11/2021,45103
K02000001,United Kingdom,overview,02/11/2021,38010
K02000001,United Kingdom,overview,03/11/2021,35972
K02000001,United Kingdom,overview,04/11/2021,33650
K02000001,United Kingdom,overview,05/11/2021,30323
K02000001,United Kingdom,overview,06/11/2021,27441
K02000001,United Kingdom,overview,07/11/2021,30582
K02000001,United Kingdom,overview,08/11/2021,44120
K02000001,United Kingdom,overview,09/11/2021,42236
K02000001,United Kingdom,overview,10/11/2021,42926
K02000001,United Kingdom,overview,11/11/2021,40985
K02000001,United Kingdom,overview,12/11/2021,37757
K02000001,United Kingdom,overview,13/11/2021,32878
K02000001,United Kingdom,overview,14/11/2021,35506
K02000001,United Kingdom,overview,15/11/2021,50944
K02000001,United Kingdom,overview,16/11/2021,46415
K02000001,United Kingdom,overview,17/11/2021,45890
K02000001,United Kingdom,overview,18/11/2021,44053
K02000001,United Kingdom,overview,19/11/2021,39589
K02000001,United Kingdom,overview,20/11/2021,35326
K02000001,United Kingdom,overview,21/11/2021,37245
K02000001,United Kingdom,overview,22/11/2021,50719
K02000001,United Kingdom,overview,23/11/2021,48180
K02000001,United Kingdom,overview,24/11/2021,46759
K02000001,United Kingdom,overview,25/11/2021,43409
K02000001,United Kingdom,overview,26/11/2021,39324
K02000001,United Kingdom,overview,27/11/2021,33290
K02000001,United Kingdom,overview,28/11/2021,39690
K02000001,United Kingdom,overview,29/11/2021,56283
K02000001,United Kingdom,overview,30/11/2021,55685
K02000001,United Kingdom,overview,01/12/2021,54808
K02000001,United Kingdom,overview,02/12/2021,50301
K02000001,United Kingdom,overview,03/12/2021,45659
K02000001,United Kingdom,overview,04/12/2021,38779
K02000001,United Kingdom,overview,05/12/2021,41013
K02000001,United Kingdom,overview,06/12/2021,59661
K02000001,United Kingdom,overview,07/12/2021,56227
K02000001,United Kingdom,overview,08/12/2021,58876
K02000001,United Kingdom,overview,09/12/2021,56975
K02000001,United Kingdom,overview,10/12/2021,52474
K02000001,United Kingdom,overview,11/12/2021,48592
K02000001,United Kingdom,overview,12/12/2021,53137
K02000001,United Kingdom,overview,13/12/2021,87147
K02000001,United Kingdom,overview,14/12/2021,102752
K02000001,United Kingdom,overview,15/12/2021,112662
K02000001,United Kingdom,overview,16/12/2021,106030
K02000001,United Kingdom,overview,17/12/2021,95863
K02000001,United Kingdom,overview,18/12/2021,88866
K02000001,United Kingdom,overview,19/12/2021,89098
K02000001,United Kingdom,overview,20/12/2021,133910
K02000001,United Kingdom,overview,21/12/2021,150248
K02000001,United Kingdom,overview,22/12/2021,161362
K02000001,United Kingdom,overview,23/12/2021,160443
K02000001,United Kingdom,overview,24/12/2021,137239
K02000001,United Kingdom,overview,25/12/2021,70355
K02000001,United Kingdom,overview,26/12/2021,116263
K02000001,United Kingdom,overview,27/12/2021,194955
K02000001,United Kingdom,overview,28/12/2021,212421
K02000001,United Kingdom,overview,29/12/2021,272713
K02000001,United Kingdom,overview,30/12/2021,236486
K02000001,United Kingdom,overview,31/12/2021,188512
K02000001,United Kingdom,overview,01/01/2022,118173
K02000001,United Kingdom,overview,02/01/2022,181001
K02000001,United Kingdom,overview,03/01/2022,229803
K02000001,United Kingdom,overview,04/01/2022,275545
K02000001,United Kingdom,overview,05/01/2022,221986
K02000001,United Kingdom,overview,06/01/2022,172773
K02000001,United Kingdom,overview,07/01/2022,120167
K02000001,United Kingdom,overview,08/01/2022,93544
K02000001,United Kingdom,overview,09/01/2022,95688
K02000001,United Kingdom,overview,10/01/2022,132653
K02000001,United Kingdom,overview,11/01/2022,115163
K02000001,United Kingdom,overview,12/01/2022,103135
K02000001,United Kingdom,overview,13/01/2022,96306
K02000001,United Kingdom,overview,14/01/2022,86217
K02000001,United Kingdom,overview,15/01/2022,77856
K02000001,United Kingdom,overview,16/01/2022,97986
K02000001,United Kingdom,overview,17/01/2022,131366
K02000001,United Kingdom,overview,18/01/2022,118668
K02000001,United Kingdom,overview,19/01/2022,111645
K02000001,United Kingdom,overview,20/01/2022,100217
K02000001,United Kingdom,overview,21/01/2022,91497
K02000001,United Kingdom,overview,22/01/2022,81642
K02000001,United Kingdom,overview,23/01/2022,102300
K02000001,United Kingdom,overview,24/01/2022,127231
K02000001,United Kingdom,overview,25/01/2022,113113
K02000001,United Kingdom,overview,26/01/2022,108626
K02000001,United Kingdom,overview,27/01/2022,96130
K02000001,United Kingdom,overview,28/01/2022,83984
K02000001,United Kingdom,overview,29/01/2022,73460
K02000001,United Kingdom,overview,30/01/2022,87510
K02000001,United Kingdom,overview,31/01/2022,104884
K02000001,United Kingdom,overview,01/02/2022,93593
K02000001,United Kingdom,overview,02/02/2022,88310
K02000001,United Kingdom,overview,03/02/2022,76554
K02000001,United Kingdom,overview,04/02/2022,63125
K02000001,United Kingdom,overview,05/02/2022,52164
K02000001,United Kingdom,overview,06/02/2022,60420
K02000001,United Kingdom,overview,07/02/2022,76104
K02000001,United Kingdom,overview,08/02/2022,69184
K02000001,United Kingdom,overview,09/02/2022,63974
K02000001,United Kingdom,overview,10/02/2022,52074
K02000001,United Kingdom,overview,11/02/2022,44444
K02000001,United Kingdom,overview,12/02/2022,37433
K02000001,United Kingdom,overview,13/02/2022,41739
K02000001,United Kingdom,overview,14/02/2022,54538
K02000001,United Kingdom,overview,15/02/2022,52295
K02000001,United Kingdom,overview,16/02/2022,51304
K02000001,United Kingdom,overview,17/02/2022,44529
K02000001,United Kingdom,overview,18/02/2022,33183
K02000001,United Kingdom,overview,19/02/2022,34575
K02000001,United Kingdom,overview,20/02/2022,37646
K02000001,United Kingdom,overview,21/02/2022,45050
K02000001,United Kingdom,overview,22/02/2022,39015
K02000001,United Kingdom,overview,23/02/2022,36283
K02000001,United Kingdom,overview,24/02/2022,30465
K02000001,United Kingdom,overview,25/02/2022,27743
K02000001,United Kingdom,overview,26/02/2022,25044
K02000001,United Kingdom,overview,27/02/2022,31337
K02000001,United Kingdom,overview,28/02/2022,44582
K02000001,United Kingdom,overview,01/03/2022,44664
K02000001,United Kingdom,overview,02/03/2022,46093
K02000001,United Kingdom,overview,03/03/2022,43624
K02000001,United Kingdom,overview,04/03/2022,41272
K02000001,United Kingdom,overview,05/03/2022,38594
K02000001,United Kingdom,overview,06/03/2022,48850
K02000001,United Kingdom,overview,07/03/2022,68173
K02000001,United Kingdom,overview,08/03/2022,69203
K02000001,United Kingdom,overview,09/03/2022,70178
K02000001,United Kingdom,overview,10/03/2022,38500
